frequency_Hz,tension_variation_lbf
0.0241,0.0391
0.0483,0.0378
0.0748,0.1328
0.0989,0.0969
0.1231,0.1157
0.1496,0.0894
0.1738,0.1083
0.1979,0.0829
0.2244,0.0352
0.2486,0.0225
0.2750,0.0194
0.2991,0.0308
0.3233,0.0391
0.3497,0.0133
0.3739,0.0071
0.3981,0.0102
0.4244,0.0098
0.4486,0.0273
0.4728,0.0102
0.4992,0.0820
0.5234,0.0128
0.5498,0.0119
0.5740,0.0063
0.5982,0.0111
0.6246,0.0176
0.6488,0.0071
0.6730,0.0211
0.6994,0.0198
0.7236,0.0168
0.7500,0.0115
0.7742,0.0115
0.7984,0.0172
0.8247,0.0155
0.8489,0.0133
0.8731,0.0189
0.8995,0.0093
0.9237,0.0168
0.9479,0.0356
0.9743,0.0435
0.9985,0.0128
1.0249,0.0334
1.0490,0.1700
1.0732,0.0500
1.0997,0.2956
1.1238,0.0702
1.1480,0.0452
1.1743,0.0102
1.1987,0.0295
1.2250,0.0085
1.2491,0.0054
1.2734,0.0159
1.2998,0.0268
1.3240,0.0268
1.3482,0.0163
1.3745,0.0163
1.3987,0.0247
1.4229,0.0146
1.4493,0.0172
1.4735,0.0128
1.4999,0.0479
1.5241,0.0207
1.5483,0.0124
1.5746,0.0045
1.5988,0.0049
1.6230,0.0255
1.6494,0.0321
1.6736,0.0242
1.6978,0.0098
1.7242,0.0071
1.7484,0.0085
1.7748,0.0045
1.7989,0.0067
1.8232,0.0155
1.8496,0.0106
1.8738,0.0155
1.8980,0.0076
1.9244,0.0071
1.9486,0.0176
1.9749,0.0150
1.9991,0.0150
2.0233,0.0260
2.0497,0.0203
2.0739,0.0098
2.0981,0.0238
2.1244,0.0273
2.1486,0.0049
2.1728,0.0807
2.1992,0.0942
2.2234,0.0373
2.2499,0.0439
2.2740,0.0386
2.2983,0.0225
2.3247,0.0225
2.3489,0.0133
2.3730,0.0128
2.3994,0.0194
2.4236,0.0115
2.4500,0.0168
2.4741,0.0163
2.4983,0.0225
2.5247,0.0251
2.5489,0.0036
2.5731,0.0111
2.5995,0.0382
2.6237,0.0251
2.6479,0.0076
2.6743,0.0181
2.6985,0.0115
2.7248,0.0128
2.7490,0.0163
2.7733,0.0106
2.7996,0.0163
2.8238,0.0281
2.8480,0.0238
2.8744,0.0220
2.8986,0.0234
2.9228,0.0141
2.9492,0.0115
2.9734,0.0176
2.9998,0.0325
3.0240,0.0378
3.0482,0.0207
3.0746,0.0080
3.0988,0.0067
3.1229,0.0290
3.1493,0.0168
3.1735,0.0500
3.1999,0.0505
3.2240,0.0430
3.2482,0.0811
3.2746,0.1687
3.2988,0.1507
3.3231,0.1275
3.3495,0.0991
3.3736,0.0855
3.3979,0.0575
3.4243,0.0518
3.4484,0.0457
3.4748,0.0295
3.4990,0.0102
3.5232,0.0207
3.5495,0.0264
3.5737,0.0404
3.5979,0.0444
3.6243,0.0435
3.6485,0.0439
3.6749,0.0316
3.6991,0.0518
3.7233,0.0220
3.7497,0.0137
3.7739,0.0465
3.7981,0.0531
3.8245,0.0089
3.8487,0.0492
3.8729,0.0767
3.8993,0.0658
3.9235,0.0452
3.9498,0.0295
3.9740,0.0912
3.9982,0.0842
4.0246,0.0781
4.0488,0.1078
4.0730,0.2002
4.0994,0.1551
4.1236,0.3390
4.1500,0.6480
4.1742,1.1256
4.1984,0.8030
4.2247,1.2601
4.2489,0.4751
4.2731,0.0855
4.2994,0.0978
4.3236,0.0781
4.3480,0.2238
4.3743,0.1713
4.3984,0.0934
4.4248,0.1183
4.4491,0.1197
4.4733,0.1096
4.4997,0.0386
4.5239,0.0303
4.5480,0.0531
4.5744,0.0281
4.5986,0.0172
4.6228,0.0198
4.6492,0.0137
4.6734,0.0474
4.6997,0.0479
4.7239,0.0347
4.7481,0.0189
4.7745,0.0155
4.7987,0.0295
4.8229,0.0238
4.8493,0.0207
4.8735,0.0045
4.8999,0.0119
4.9241,0.0045
4.9483,0.0106
4.9747,0.0194
4.9989,0.0295
5.0231,0.0098
5.0495,0.0176
5.0737,0.0211
5.0979,0.0089
5.1242,0.0098
5.1484,0.0155
5.1748,0.0089
5.1990,0.0277
5.2232,0.0448
5.2496,0.0264
5.2738,0.0303
5.2979,0.0238
5.3243,0.0198
5.3485,0.0080
5.3749,0.0089
5.3992,0.0155
5.4233,0.0176
5.4496,0.0203
5.4740,0.0229
5.4982,0.0128
5.5245,0.0211
5.5487,0.0234
5.5729,0.0211
5.5993,0.0176
5.6234,0.0260
5.6498,0.0378
5.6740,0.0255
5.6982,0.0128
5.7246,0.0063
5.7488,0.0137
5.7730,0.0071
5.7994,0.0093
5.8236,0.0076
5.8478,0.0234
5.8741,0.0273
5.8983,0.0277
5.9247,0.0303
5.9490,0.0386
5.9731,0.1188
5.9995,0.1109
6.0237,0.0137
6.0479,0.0592
6.0743,0.0417
6.0985,0.0159
6.1249,0.0054
6.1491,0.0137
6.1733,0.0119
6.1997,0.0128
6.2239,0.0106
6.2481,0.0067
6.2744,0.0133
6.2986,0.0229
6.3228,0.0168
6.3492,0.0058
6.3734,0.0119
6.3997,0.0098
6.4239,0.0049
6.4481,0.0071
6.4745,0.0071
6.4988,0.0098
6.5229,0.0071
6.5494,0.0023
6.5736,0.0102
6.6000,0.0163
6.6242,0.0168
6.6483,0.0137
6.6747,0.0106
6.6989,0.0036
6.7230,0.0133
6.7494,0.0106
6.7736,0.0128
6.7978,0.0111
6.8242,0.0172
6.8484,0.0045
6.8748,0.0041
6.8990,0.0089
6.9232,0.0163
6.9496,0.0128
6.9738,0.0189
6.9980,0.0185
7.0243,0.0185
7.0485,0.0141
7.0749,0.0286
7.0991,0.0211
7.1233,0.0321
7.1497,0.0198
7.1739,0.0277
7.1981,0.0255
7.2245,0.0168
7.2487,0.0216
7.2729,0.0207
7.2993,0.0146
7.3235,0.0146
7.3499,0.0150
7.3741,0.0067
7.3982,0.0181
7.4246,0.0058
7.4488,0.0036
7.4729,0.0102
7.4993,0.0054
7.5235,0.0058
7.5477,0.0049
7.5741,0.0036
7.5983,0.0076
7.6248,0.0102
7.6490,0.0093
7.6731,0.0172
7.6996,0.0106
7.7237,0.0163
7.7479,0.0106
7.7743,0.0058
7.7985,0.0168
7.8248,0.0159
7.8490,0.0076
7.8732,0.0041
7.8996,0.0028
7.9238,0.0058
7.9480,0.0028
7.9744,0.0054
7.9986,0.0085
8.0228,0.0071
8.0492,0.0041
8.0734,0.0071
8.0998,0.0102
8.1240,0.0176
8.1481,0.0133
8.1745,0.0093
8.1988,0.0150
8.2230,0.0137
8.2493,0.0234
8.2735,0.0413
8.2999,0.0610
8.3241,0.0676
8.3483,0.0439
8.3747,0.0448
8.3989,0.0413
8.4231,0.0360
8.4495,0.0395
8.4737,0.0386
8.4978,0.0566
8.5242,0.0369
8.5484,0.0264
8.5747,0.0260
8.5989,0.0124
8.6231,0.0194
8.6495,0.0106
8.6738,0.0220
8.6979,0.0146
8.7243,0.0063
8.7486,0.0119
8.7728,0.0115
8.7992,0.0119
8.8233,0.0115
8.8497,0.0049
8.8739,0.0115
8.8981,0.0102
8.9245,0.0115
8.9487,0.0115
8.9729,0.0089
8.9992,0.0146
9.0234,0.0124
9.0498,0.0058
9.0740,0.0054
9.0982,0.0119
9.1246,0.0067
9.1488,0.0119
9.1730,0.0080
9.1994,0.0054
9.2236,0.0089
9.2477,0.0036
9.2742,0.0058
9.2984,0.0098
9.3248,0.0137
9.3490,0.0093
9.3732,0.0128
9.3995,0.0080
9.4237,0.0080
9.4479,0.0124
9.4743,0.0045
9.4985,0.0058
9.5249,0.0093
9.5491,0.0111
9.5732,0.0137
9.5996,0.0080
9.6238,0.0080
9.6480,0.0111
9.6744,0.0085
9.6987,0.0063
9.7228,0.0076
9.7491,0.0036
9.7735,0.0067
9.7998,0.0063
9.8240,0.0106
9.8482,0.0106
9.8746,0.0063
9.8987,0.0028
9.9229,0.0080
9.9493,0.0054
9.9735,0.0067
9.9999,0.0058
10.0021,0.0058
