case,tension_N,yaw_deg,delta_tension_N,delta_tension_sd_N,estimated_yL_mm,estimated_yL_sd_mm,measured_yL_mm,measured_yL_sd_mm,predicted_yaw_deg,predicted_yaw_sd_deg
1,13.2,0.01,2.06,0.04,0.047,0.002,0.046,0.002,0.0105,0.0005
2,13.2,0.02,4.14,0.6,0.105,0.003,0.102,0.003,0.0210,0.001
3,13.2,0.03,6.22,0.09,0.154,0.005,0.165,0.006,0.0316,0.001
4,26.5,0.01,2.19,0.04,0.055,0.002,0.054,0.002,0.0104,0.0005
5,26.5,0.02,4.21,0.06,0.111,0.003,0.109,0.003,0.0210,0.001
6,26.5,0.03,6.32,0.10,0.164,0.006,0.172,0.006,0.0317,0.001
7,36.7,0.01,2.16,0.04,0.049,0.002,0.050,0.002,0.0104,0.0005
8,36.7,0.02,4.35,0.07,0.121,0.004,0.118,0.004,0.0209,0.001
9,36.7,0.03,6.52,0.11,0.176,0.006,0.185,0.007,0.0314,0.001
