quantity,case_KL,omega_T1,value,marker
amplitude,2,0.347,1.03,triangle
amplitude,10,0.364,0.915,circle
amplitude,2,0.71,0.98,triangle
amplitude,10,0.74,0.81,circle
amplitude,2,1.42,0.74,triangle
amplitude,10,1.49,0.58,circle
amplitude,2,2.83,0.44,triangle
amplitude,10,2.80,0.39,circle
amplitude,10,2.90,0.35,circle
amplitude,2,5.5,0.174,triangle
amplitude,2,5.5,0.127,triangle
amplitude,10,11.4,0.06,circle
amplitude,2,11.0,0.022,triangle
phase_deg,2,0.35,-21.5,triangle
phase_deg,10,0.72,-36,circle
phase_deg,2,1.41,-60,triangle
phase_deg,2,2.76,-105,triangle
phase_deg,2,5.4,-126,triangle
phase_deg,2,5.5,-144,triangle
phase_deg,10,5.7,-115,circle
phase_deg,2,11.1,-154,triangle
phase_deg,10,11.4,-141,circle
